                  epoch,         train/box_loss,         train/cls_loss,         train/dfl_loss,   metrics/precision(B),      metrics/recall(B),       metrics/mAP50(B),    metrics/mAP50-95(B),           val/box_loss,           val/cls_loss,           val/dfl_loss,                 lr/pg0,                 lr/pg1,                 lr/pg2
                      0,                 3.3154,                  4.198,                 3.6749,                0.18581,                0.17989,                0.09511,                0.02991,                 2.8845,                  3.259,                 3.1074,               0.070246,               0.003306,               0.003306
                      1,                 2.3985,                 2.5444,                 2.6025,                 0.3511,                0.32404,                0.26123,                 0.1048,                 2.2317,                 2.6999,                 2.4344,               0.040191,              0.0065846,              0.0065846
                      2,                  1.952,                 2.0349,                 2.1473,                0.43844,                0.38373,                0.35573,                0.15891,                 1.9659,                 2.7505,                 2.1944,               0.010081,              0.0098081,              0.0098081
                      3,                 1.7223,                 1.7576,                 1.8795,                0.59398,                0.42607,                0.46075,                0.23332,                 1.7659,                 2.2817,                 1.9274,              0.0097525,              0.0097525,              0.0097525
                      4,                 1.5872,                 1.5366,                 1.7311,                0.63066,                0.50201,                 0.5399,                0.29049,                  1.673,                  1.817,                 1.8368,              0.0097525,              0.0097525,              0.0097525
                      5,                 1.4989,                 1.3792,                 1.6387,                0.65083,                0.53115,                0.58678,                0.32123,                 1.5881,                  1.621,                  1.743,                0.00967,                0.00967,                0.00967
                      6,                 1.4291,                 1.2741,                 1.5716,                  0.682,                0.52274,                 0.5967,                  0.341,                 1.5914,                 1.6405,                 1.7094,              0.0095875,              0.0095875,              0.0095875
                      7,                 1.3784,                 1.1838,                 1.5236,                0.73737,                0.60074,                 0.6659,                0.39311,                 1.5308,                 1.3799,                 1.6559,               0.009505,               0.009505,               0.009505
                      8,                 1.3297,                 1.1025,                 1.4792,                0.74192,                0.59741,                0.67185,                0.40927,                 1.4753,                 1.3379,                 1.6133,              0.0094225,              0.0094225,              0.0094225
                      9,                 1.2888,                 1.0391,                 1.4442,                 0.7608,                 0.6198,                0.70115,                0.42668,                 1.4722,                  1.287,                 1.5977,                0.00934,                0.00934,                0.00934
                     10,                 1.2508,                0.98584,                 1.4129,                0.76145,                0.64516,                0.72229,                0.44479,                 1.4435,                 1.2334,                 1.5868,              0.0092575,              0.0092575,              0.0092575
                     11,                 1.2168,                0.93309,                 1.3848,                0.74193,                0.62715,                0.69902,                0.43231,                 1.4368,                 1.2644,                 1.5578,               0.009175,               0.009175,               0.009175
                     12,                 1.1835,                0.89629,                 1.3586,                0.76146,                0.63913,                0.71527,                0.44502,                 1.4207,                 1.2279,                 1.5614,              0.0090925,              0.0090925,              0.0090925
                     13,                 1.1544,                 0.8596,                 1.3337,                0.76834,                0.64152,                0.71958,                0.44998,                 1.4305,                 1.2377,                 1.5588,                0.00901,                0.00901,                0.00901
                     14,                 1.1264,                   0.83,                 1.3128,                0.77872,                0.66283,                 0.7343,                 0.4584,                 1.4055,                 1.1365,                 1.5591,              0.0089275,              0.0089275,              0.0089275
                     15,                 1.0985,                0.79959,                 1.2907,                0.80381,                0.66891,                0.75184,                0.47911,                 1.3714,                 1.1133,                 1.5091,               0.008845,               0.008845,               0.008845
                     16,                  1.078,                0.77573,                 1.2752,                0.77307,                 0.6777,                0.74503,                0.47599,                 1.3863,                 1.1354,                 1.5344,              0.0087625,              0.0087625,              0.0087625
                     17,                 1.0588,                0.74823,                 1.2585,                0.78166,                 0.6709,                 0.7383,                 0.4676,                 1.3768,                 1.0907,                 1.5164,                0.00868,                0.00868,                0.00868
                     18,                 1.0371,                0.72756,                 1.2412,                0.79552,                0.68165,                0.74654,                0.47262,                 1.3787,                 1.1415,                 1.5103,              0.0085975,              0.0085975,              0.0085975
                     19,                 1.0163,                0.70649,                 1.2262,                0.78943,                0.66059,                0.74161,                0.47726,                  1.366,                 1.1243,                 1.5169,               0.008515,               0.008515,               0.008515
                     20,                 0.9931,                0.68738,                 1.2092,                0.78213,                0.68038,                0.75153,                0.48129,                 1.3537,                  1.087,                 1.5174,              0.0084325,              0.0084325,              0.0084325
                     21,                0.97531,                0.66449,                 1.1953,                0.81043,                0.68597,                0.76393,                0.49289,                 1.3481,                 1.0623,                 1.5073,                0.00835,                0.00835,                0.00835
                     22,                0.95785,                0.64969,                 1.1824,                0.79526,                0.67992,                0.75386,                0.48737,                  1.354,                 1.0946,                 1.5247,              0.0082675,              0.0082675,              0.0082675
                     23,                0.94359,                0.63542,                 1.1722,                 0.7874,                0.69822,                0.76392,                0.49468,                 1.3456,                 1.0636,                 1.5133,               0.008185,               0.008185,               0.008185
                     24,                0.92257,                 0.6154,                 1.1569,                0.78683,                0.70683,                0.76937,                0.50219,                 1.3343,                 1.0568,                 1.5162,              0.0081025,              0.0081025,              0.0081025
                     25,                0.90643,                0.60126,                 1.1449,                0.82077,                0.67394,                0.75889,                 0.4898,                 1.3592,                 1.0896,                 1.5078,                0.00802,                0.00802,                0.00802
                     26,                0.89495,                0.58973,                  1.136,                0.81176,                0.69816,                0.77148,                0.49996,                  1.336,                 1.0274,                 1.5246,              0.0079375,              0.0079375,              0.0079375
                     27,                0.88032,                 0.5767,                 1.1258,                0.81479,                0.68979,                0.76644,                0.49629,                 1.3513,                 1.0632,                 1.5324,               0.007855,               0.007855,               0.007855
                     28,                0.86324,                 0.5683,                 1.1139,                0.80284,                0.70273,                0.77308,                0.50453,                 1.3331,                 1.0385,                 1.5208,              0.0077725,              0.0077725,              0.0077725
                     29,                0.85211,                0.55584,                  1.106,                0.80999,                0.70429,                 0.7732,                0.50102,                 1.3462,                 1.0208,                 1.5423,                0.00769,                0.00769,                0.00769
                     30,                0.83799,                0.54511,                 1.0955,                0.80687,                0.70244,                0.77508,                0.50588,                 1.3397,                 1.0049,                 1.5274,              0.0076075,              0.0076075,              0.0076075
                     31,                0.82493,                0.53475,                 1.0872,                0.82386,                0.67839,                0.76236,                0.50129,                 1.3406,                 1.0979,                 1.5218,               0.007525,               0.007525,               0.007525
                     32,                 0.8118,                 0.5231,                 1.0782,                0.81368,                0.70274,                0.77548,                0.51112,                  1.318,                 1.0283,                 1.5311,              0.0074425,              0.0074425,              0.0074425
                     33,                  0.801,                0.51581,                 1.0712,                0.82449,                0.68915,                  0.771,                0.50965,                 1.3244,                 1.0571,                 1.5245,                0.00736,                0.00736,                0.00736
                     34,                0.78902,                0.50456,                 1.0629,                0.80808,                0.69068,                0.76724,                 0.5053,                 1.3319,                 1.0927,                 1.5377,              0.0072775,              0.0072775,              0.0072775
                     35,                0.77813,                0.49575,                  1.055,                0.80104,                0.71469,                0.77519,                0.51102,                 1.3147,                 1.0118,                 1.5353,               0.007195,               0.007195,               0.007195
                     36,                0.76707,                0.48881,                 1.0469,                0.79665,                0.71884,                0.77493,                0.51138,                 1.3158,                 1.0121,                 1.5303,              0.0071125,              0.0071125,              0.0071125
                     37,                0.75795,                0.48199,                 1.0413,                0.81865,                0.71239,                0.78018,                0.51711,                 1.3107,                 1.0156,                 1.5249,                0.00703,                0.00703,                0.00703
                     38,                0.75088,                0.47517,                 1.0378,                0.81051,                 0.7232,                0.78153,                0.51791,                 1.3061,                0.99631,                 1.5263,              0.0069475,              0.0069475,              0.0069475
                     39,                0.73584,                0.46394,                 1.0289,                0.81197,                0.71126,                0.77235,                0.51106,                 1.3118,                  1.004,                 1.5429,               0.006865,               0.006865,               0.006865
                     40,                0.72546,                0.45931,                 1.0202,                0.82027,                0.71133,                0.78081,                0.51777,                 1.3033,                 1.0126,                 1.5406,              0.0067825,              0.0067825,              0.0067825
                     41,                0.71428,                0.44995,                 1.0129,                0.81259,                0.72504,                0.78303,                0.51872,                 1.3059,                0.99238,                 1.5407,                 0.0067,                 0.0067,                 0.0067
                     42,                0.71305,                0.44814,                 1.0139,                  0.825,                0.70426,                0.77747,                0.51101,                 1.3059,                0.96705,                 1.5471,              0.0066175,              0.0066175,              0.0066175
                     43,                0.70159,                0.44214,                 1.0044,                0.80627,                0.72005,                0.77774,                 0.5112,                 1.3085,                0.98657,                 1.5572,               0.006535,               0.006535,               0.006535
                     44,                0.69053,                0.43804,                0.99905,                0.82881,                0.71088,                0.78254,                 0.5187,                 1.3004,                0.96783,                 1.5496,              0.0064525,              0.0064525,              0.0064525
                     45,                0.68005,                0.42697,                0.99198,                0.82001,                0.71912,                0.78339,                 0.5183,                 1.3021,                0.98108,                 1.5481,                0.00637,                0.00637,                0.00637
                     46,                0.67413,                0.42315,                0.98763,                0.80414,                0.72663,                0.78536,                 0.5237,                  1.295,                0.97537,                 1.5529,              0.0062875,              0.0062875,              0.0062875
                     47,                0.66466,                0.41566,                0.98203,                 0.8092,                0.72801,                0.78623,                0.52421,                 1.2957,                 0.9671,                 1.5563,               0.006205,               0.006205,               0.006205
                     48,                0.65454,                0.40872,                0.97615,                0.82056,                0.72781,                0.78657,                0.52549,                 1.2946,                0.96775,                 1.5579,              0.0061225,              0.0061225,              0.0061225
                     49,                0.64857,                0.40703,                0.97276,                0.81794,                0.72395,                0.78857,                0.52875,                 1.2889,                0.98157,                 1.5516,                0.00604,                0.00604,                0.00604
                     50,                0.63891,                 0.4025,                0.96715,                0.81655,                 0.7195,                0.78484,                0.52644,                 1.2963,                0.98999,                 1.5617,              0.0059575,              0.0059575,              0.0059575
                     51,                0.63188,                0.39694,                0.96355,                0.83482,                0.71185,                0.78681,                0.52512,                 1.2872,                 0.9842,                 1.5631,               0.005875,               0.005875,               0.005875
                     52,                0.62398,                0.39337,                0.95747,                0.82687,                0.71743,                0.78791,                0.52522,                 1.2945,                0.95287,                 1.5744,              0.0057925,              0.0057925,              0.0057925
                     53,                0.61772,                0.38742,                0.95432,                0.82139,                0.72166,                0.78498,                0.52432,                 1.2852,                0.95972,                 1.5656,                0.00571,                0.00571,                0.00571
                     54,                0.60858,                 0.3825,                0.94993,                0.82841,                0.71761,                0.78773,                0.52566,                 1.2917,                0.98125,                 1.5679,              0.0056275,              0.0056275,              0.0056275
                     55,                0.60591,                0.38247,                0.94823,                0.81362,                0.72037,                 0.7846,                0.52821,                   1.28,                0.99003,                 1.5617,               0.005545,               0.005545,               0.005545
                     56,                0.59826,                0.37618,                0.94425,                0.82024,                0.72836,                0.79182,                0.52849,                 1.2851,                0.96867,                 1.5721,              0.0054625,              0.0054625,              0.0054625
                     57,                0.58507,                0.37036,                0.93616,                0.81928,                0.72523,                 0.7873,                0.52829,                 1.2816,                0.96377,                 1.5727,                0.00538,                0.00538,                0.00538
                     58,                 0.5873,                 0.3695,                0.93907,                0.82135,                0.72482,                0.78934,                0.53296,                 1.2779,                0.97175,                 1.5706,              0.0052975,              0.0052975,              0.0052975
                     59,                0.57427,                0.36199,                 0.9316,                0.83066,                0.72036,                0.78939,                0.52873,                 1.2835,                0.95917,                 1.5802,               0.005215,               0.005215,               0.005215
                     60,                0.57303,                 0.3608,                0.92999,                0.83914,                 0.7152,                0.79283,                0.53298,                 1.2784,                0.96294,                  1.572,              0.0051325,              0.0051325,              0.0051325
                     61,                0.56416,                0.35683,                0.92557,                0.81973,                0.72917,                 0.7918,                 0.5311,                 1.2815,                0.96368,                 1.5773,                0.00505,                0.00505,                0.00505
                     62,                0.55524,                0.35114,                0.92148,                0.84321,                0.71526,                0.78974,                 0.5305,                 1.2813,                0.95938,                 1.5858,              0.0049675,              0.0049675,              0.0049675
                     63,                0.54934,                0.34753,                0.91801,                0.82394,                0.72282,                0.78798,                0.53196,                 1.2814,                0.97027,                 1.5936,               0.004885,               0.004885,               0.004885
                     64,                0.54186,                 0.3438,                0.91486,                0.82837,                0.72366,                0.79039,                 0.5324,                 1.2778,                  0.957,                 1.5943,              0.0048025,              0.0048025,              0.0048025
                     65,                0.53786,                 0.3415,                0.91076,                0.83796,                0.71879,                0.79206,                0.53344,                 1.2789,                0.95675,                 1.5909,                0.00472,                0.00472,                0.00472
                     66,                 0.5327,                0.33856,                0.90989,                0.82427,                0.73096,                 0.7916,                0.53484,                 1.2759,                0.96385,                 1.5934,              0.0046375,              0.0046375,              0.0046375
                     67,                0.52647,                0.33463,                0.90639,                0.83148,                0.72914,                0.79297,                0.53706,                 1.2751,                0.96402,                 1.5958,               0.004555,               0.004555,               0.004555
                     68,                0.51986,                0.33128,                0.90337,                0.82738,                0.72747,                0.79338,                0.53678,                 1.2744,                0.95698,                 1.5972,              0.0044725,              0.0044725,              0.0044725
                     69,                0.51306,                0.32791,                0.89917,                 0.8293,                0.72904,                 0.7937,                0.53855,                 1.2728,                0.96933,                 1.5947,                0.00439,                0.00439,                0.00439
                     70,                0.50638,                0.32406,                0.89811,                0.81591,                0.73427,                0.79182,                0.53659,                 1.2743,                0.96574,                 1.5993,              0.0043075,              0.0043075,              0.0043075
                     71,                0.49881,                0.31994,                0.89261,                0.83557,                0.71838,                 0.7922,                0.53753,                 1.2708,                 0.9734,                 1.5998,               0.004225,               0.004225,               0.004225
                     72,                0.49664,                0.31847,                0.89159,                0.82981,                0.72543,                0.79492,                0.53918,                 1.2704,                0.97068,                  1.607,              0.0041425,              0.0041425,              0.0041425
                     73,                0.49388,                0.31777,                0.89216,                0.81857,                0.73243,                0.79282,                0.53714,                 1.2716,                0.96039,                 1.6031,                0.00406,                0.00406,                0.00406
                     74,                0.48416,                0.31312,                0.88572,                0.82408,                0.72646,                0.79228,                0.53887,                 1.2719,                0.96912,                 1.6147,              0.0039775,              0.0039775,              0.0039775
                     75,                0.48051,                0.31077,                0.88432,                0.82082,                0.73175,                0.79355,                0.53717,                 1.2711,                0.95602,                  1.612,               0.003895,               0.003895,               0.003895
                     76,                0.47386,                0.30675,                0.88104,                0.82373,                0.73011,                0.79278,                0.53667,                 1.2713,                  0.959,                 1.6122,              0.0038125,              0.0038125,              0.0038125
                     77,                0.46388,                0.30261,                0.87672,                0.83081,                0.72322,                0.79331,                0.53843,                 1.2671,                0.95435,                 1.6141,                0.00373,                0.00373,                0.00373
                     78,                0.45832,                0.29811,                0.87389,                0.83663,                0.72073,                0.79353,                0.53972,                 1.2684,                0.96643,                 1.6186,              0.0036475,              0.0036475,              0.0036475
                     79,                0.45285,                0.29616,                0.87163,                0.82284,                 0.7303,                0.79245,                0.53849,                 1.2709,                0.96404,                 1.6246,               0.003565,               0.003565,               0.003565
                     80,                0.45173,                0.29568,                0.87112,                 0.8281,                0.72594,                 0.7943,                0.53919,                 1.2697,                 0.9654,                 1.6239,              0.0034825,              0.0034825,              0.0034825
                     81,                0.44558,                0.29101,                0.86922,                0.84079,                0.71841,                0.79474,                0.54009,                 1.2684,                0.95987,                 1.6271,                 0.0034,                 0.0034,                 0.0034
                     82,                 0.4412,                0.28896,                0.86787,                0.83701,                 0.7215,                0.79503,                0.54018,                  1.267,                0.95624,                 1.6271,              0.0033175,              0.0033175,              0.0033175
                     83,                0.43534,                0.28659,                0.86475,                0.84015,                0.71899,                0.79418,                0.54041,                 1.2655,                0.95944,                 1.6286,               0.003235,               0.003235,               0.003235
                     84,                0.42938,                0.28468,                0.86276,                0.82871,                0.72627,                0.79326,                0.53871,                 1.2676,                0.95373,                 1.6348,              0.0031525,              0.0031525,              0.0031525
                     85,                 0.4218,                0.28025,                0.85883,                0.83367,                0.72353,                0.79252,                0.53873,                 1.2689,                0.96213,                 1.6366,                0.00307,                0.00307,                0.00307
                     86,                0.41905,                0.27918,                0.85838,                0.82381,                0.72756,                0.79229,                0.53858,                 1.2689,                 0.9626,                 1.6383,              0.0029875,              0.0029875,              0.0029875
                     87,                  0.417,                0.27705,                0.85794,                0.82944,                0.72439,                 0.7931,                0.53945,                 1.2695,                0.96004,                  1.638,               0.002905,               0.002905,               0.002905
                     88,                0.41106,                0.27446,                0.85542,                0.82009,                0.73057,                 0.7934,                0.53951,                   1.27,                0.95975,                 1.6429,              0.0028225,              0.0028225,              0.0028225
                     89,                0.40639,                0.27121,                0.85463,                0.83147,                0.72247,                0.79423,                0.53951,                 1.2698,                0.96247,                 1.6434,                0.00274,                0.00274,                0.00274
                     90,                0.40205,                0.26972,                0.85277,                0.82794,                0.72687,                0.79427,                 0.5402,                 1.2692,                0.96719,                 1.6437,              0.0026575,              0.0026575,              0.0026575
                     91,                0.39546,                0.26702,                0.84934,                0.83636,                0.72159,                0.79441,                0.54078,                 1.2684,                0.96777,                 1.6457,               0.002575,               0.002575,               0.002575
                     92,                0.38934,                0.26341,                 0.8466,                0.82794,                 0.7278,                0.79481,                0.54184,                 1.2668,                 0.9633,                 1.6482,              0.0024925,              0.0024925,              0.0024925
                     93,                0.38505,                0.26221,                0.84488,                0.82707,                0.72719,                 0.7951,                0.54159,                 1.2667,                0.96415,                 1.6506,                0.00241,                0.00241,                0.00241
                     94,                 0.3856,                0.26232,                 0.8467,                0.82997,                0.72572,                0.79492,                0.54159,                  1.268,                0.96725,                 1.6514,              0.0023275,              0.0023275,              0.0023275
                     95,                 0.3737,                0.25635,                0.84213,                0.83313,                0.72209,                0.79498,                0.54184,                 1.2686,                0.96723,                  1.656,               0.002245,               0.002245,               0.002245
                     96,                0.36878,                0.25459,                0.83972,                 0.8305,                0.72376,                0.79496,                0.54117,                 1.2682,                0.96667,                 1.6567,              0.0021625,              0.0021625,              0.0021625
                     97,                0.36343,                0.25182,                0.83731,                0.83186,                0.72519,                0.79504,                 0.5419,                 1.2677,                0.96937,                 1.6579,                0.00208,                0.00208,                0.00208
                     98,                0.36185,                0.25052,                 0.8369,                0.83088,                0.72688,                0.79476,                0.54164,                 1.2679,                0.97091,                 1.6594,              0.0019975,              0.0019975,              0.0019975
                     99,                0.35715,                0.24793,                0.83582,                0.83418,                0.72433,                0.79485,                0.54197,                 1.2678,                0.97121,                 1.6608,               0.001915,               0.001915,               0.001915
                    100,                0.34944,                0.24578,                0.83248,                0.83015,                0.72595,                0.79524,                0.54166,                 1.2679,                0.97171,                 1.6642,              0.0018325,              0.0018325,              0.0018325
                    101,                0.34597,                0.24303,                0.83134,                0.83376,                0.72455,                 0.7956,                0.54197,                 1.2679,                0.97234,                 1.6663,                0.00175,                0.00175,                0.00175
                    102,                0.34179,                0.24164,                0.83048,                0.82794,                0.72994,                0.79554,                0.54166,                 1.2691,                0.97137,                 1.6684,              0.0016675,              0.0016675,              0.0016675
                    103,                0.33605,                0.23824,                0.82895,                0.83182,                0.72636,                0.79563,                0.54191,                 1.2684,                0.97083,                 1.6695,               0.001585,               0.001585,               0.001585
                    104,                0.33794,                0.24038,                0.83037,                0.83447,                0.72232,                0.79534,                 0.5419,                 1.2684,                0.97005,                 1.6708,              0.0015025,              0.0015025,              0.0015025
                    105,                 0.3261,                0.23369,                0.82478,                0.83448,                0.72219,                0.79596,                0.54218,                 1.2685,                0.96961,                 1.6721,                0.00142,                0.00142,                0.00142
                    106,                0.32084,                0.23149,                 0.8247,                0.82056,                0.73236,                0.79541,                 0.5423,                 1.2688,                0.97202,                 1.6741,              0.0013375,              0.0013375,              0.0013375
                    107,                0.31971,                 0.2309,                0.82391,                0.82215,                0.73008,                0.79573,                0.54232,                 1.2687,                0.97399,                 1.6756,               0.001255,               0.001255,               0.001255
                    108,                0.31556,                0.22857,                0.82298,                0.82913,                0.72533,                0.79578,                0.54216,                 1.2686,                0.97406,                 1.6774,              0.0011725,              0.0011725,              0.0011725
                    109,                0.31414,                0.22752,                0.82304,                0.82776,                0.72714,                0.79587,                0.54259,                 1.2683,                0.97515,                 1.6782,                0.00109,                0.00109,                0.00109
                    110,                0.30951,                0.22547,                0.82143,                0.82539,                0.72817,                0.79583,                0.54242,                 1.2683,                0.97562,                 1.6799,              0.0010075,              0.0010075,              0.0010075
                    111,                0.30562,                0.22297,                0.82132,                0.82295,                 0.7283,                  0.795,                0.54216,                 1.2682,                 0.9761,                 1.6806,               0.000925,               0.000925,               0.000925
                    112,                0.29783,                0.22128,                0.81769,                0.82175,                0.72847,                0.79493,                0.54225,                 1.2687,                0.97761,                 1.6819,              0.0008425,              0.0008425,              0.0008425
                    113,                 0.2911,                0.21727,                0.81602,                0.82261,                0.72773,                0.79532,                 0.5422,                 1.2684,                0.97793,                 1.6835,                0.00076,                0.00076,                0.00076
                    114,                0.29134,                0.21749,                0.81633,                0.82351,                0.72749,                 0.7952,                0.54195,                 1.2686,                0.97853,                  1.684,              0.0006775,              0.0006775,              0.0006775
                    115,                0.28568,                 0.2144,                0.81473,                0.82753,                0.72389,                0.79501,                0.54202,                 1.2689,                0.97918,                 1.6856,               0.000595,               0.000595,               0.000595
                    116,                0.27632,                 0.2112,                0.81074,                0.82814,                0.72403,                0.79517,                 0.5422,                  1.269,                0.97971,                 1.6869,              0.0005125,              0.0005125,              0.0005125
                    117,                0.27741,                0.21194,                 0.8124,                0.83554,                0.71867,                0.79511,                0.54229,                 1.2691,                0.98046,                 1.6886,                0.00043,                0.00043,                0.00043
                    118,                 0.2747,                0.20954,                0.81147,                0.83642,                 0.7182,                0.79549,                0.54204,                 1.2694,                0.98116,                 1.6899,              0.0003475,              0.0003475,              0.0003475
                    119,                0.27684,                0.21118,                0.81384,                0.83591,                0.71853,                0.79539,                0.54176,                 1.2695,                0.98096,                 1.6906,               0.000265,               0.000265,               0.000265
